{"cameraMode":{"drawMode":0,"name":"Shaded","section":"Shading Mode"},"sceneLighting":true,"audioPlay":false,"sceneViewState":{"m_AlwaysRefresh":false,"showFog":true,"showSkybox":true,"showFlares":true,"showImageEffects":true,"showParticleSystems":true,"showVisualEffectGraphs":true,"m_FxEnabled":true},"in2DMode":false,"pivot":{"x":13.184530258178711,"y":0.5199999809265137,"z":-5.023136138916016},"rotation":{"x":0.11253198236227036,"y":-0.7239891886711121,"z":0.12167096883058548,"w":0.6696125864982605},"size":1.5451792478561402,"orthographic":true}